epoch,train_loss,val_loss
1,0.9228987316906495,0.7342738172693397
