epoch,train_loss,val_loss
1,0.5232640281193807,3.48652580506211
2,0.20037519634373885,2.4975621951829403
