epoch,train_loss,val_loss
1,0.7961696499624726,0.6740745347854128
2,0.6452809805231526,0.5414205519220999
