epoch,train_loss,val_loss
1,0.8067503476538243,0.5351394643522289
2,0.44644887789428533,0.34343114012359455
