epoch,train_loss,val_loss
1,0.9812933210640737,0.8840666290831892
2,0.8293303581949782,0.7675763054253304
