epoch,train_loss,val_loss
1,0.33404403402106086,0.14619629614505483
2,0.10856449458180428,0.10862540568061829
3,0.09576980375766725,0.10418793460936071
