epoch,train_loss,val_loss
1,0.24586511838473007,0.2396917619788671
2,0.09309934664892494,0.17897404390966543
3,0.09032512452871036,0.16835645982333383
